Producto;marca
"iPhone 15 128GB Negro";Apple
"iPhone 15 Pro 256GB Titanio";Apple
"MacBook Air M2 8GB 256GB";Apple
"MacBook Pro M3 16GB 512GB";Apple
"iPad Air 11" M2 64GB WiFi";Apple
"Apple Watch Series 9 45mm";Apple
"AirPods Pro 2da Generación";Apple
"Samsung Galaxy S24 256GB";Samsung
"Samsung Galaxy Tab S9 128GB";Samsung
"Samsung Smart TV 55" QLED 4K";Samsung
"Sony WH-1000XM5";Sony
"Sony WF-1000XM5";Sony
"Sony Bravia XR 65" OLED 4K";Sony
"LG OLED 55" C3 4K";LG
"LG Monitor 27" UltraFine 4K";LG
"Philips Hue Starter Kit";Philips
"JBL Charge 5";JBL
"JBL Flip 6";JBL
"JBL Tune 770NC";JBL
"Bose QuietComfort 45";Bose
"Bose SoundLink Flex";Bose
"Xiaomi Redmi Note 13 128GB";Xiaomi
"Xiaomi Mi Band 8";Xiaomi
"Motorola Edge 40 256GB";Motorola
"Motorola Moto G84 256GB";Motorola
"HP Victus 15 Ryzen 5 16GB 512GB";HP
"HP LaserJet Pro M404dn";HP
"Dell XPS 15 i7 32GB 1TB";Dell
"Dell Monitor S2722QC 27" 4K";Dell
"Lenovo IdeaPad 5 i5 8GB 512GB";Lenovo
"Lenovo Tab P12 256GB";Lenovo
"Asus ROG Zephyrus G14 RTX 4060";Asus
"Asus ProArt PA279CRV 27" 4K";Asus
"Logitech MX Master 3S";Logitech
"Logitech MX Keys S";Logitech
"Logitech G Pro X Superlight 2";Logitech
"Anker PowerCore 26800mAh";Anker
"Anker Cable USB-C a Lightning MFi 1m";Anker
"Anker 737 Cargador 120W GaN";Anker
"Sennheiser HD 560S";Sennheiser
"Sennheiser Momentum 4 Wireless";Sennheiser
"Pioneer DJ DDJ-400";Pioneer
"Pioneer Stereo A-10";Pioneer
"Harman Kardon Onyx Studio 8";"Harman Kardon"
"Marshall Emberton III";Marshall
"Marshall Acton III";Marshall
"Epson EcoTank L3250";Epson
"Epson EF-21 Mini Proyector";Epson
"Apple Magic Keyboard Touch ID ES";Apple
"Apple MagSafe Charger 2m";Apple
